-950,750,0,0
770,-250,0,1
-410,690,0,2
-890,-430,0,2
-1090,-110,0,1
-1010,-190,0,1
-410,-710,0,2
670,-470,0,2
1070,690,0,0
1030,-150,0,1
-710,-90,0,2
390,-550,0,2
-890,10,0,1
10,630,0,0
1090,710,0,0
310,50,0,0
890,670,0,0
550,-550,0,2
-810,730,0,2
-90,-590,0,2
1090,470,0,0
930,590,0,0
130,-570,0,2
990,290,0,1
70,-150,0,0
-1030,-530,0,2
830,-670,0,2
570,750,0,0
-310,550,0,0
-970,170,0,1
-830,-570,0,2
-190,-490,0,0
-170,-350,0,0
-30,270,0,2
-750,270,0,1
850,550,0,1
970,750,0,0
-730,-270,0,2
-230,550,0,0
-970,10,0,1
610,-130,0,0
650,-90,0,2
1030,130,0,2
850,30,0,2
310,-310,0,0
470,-550,0,0
-150,-130,0,2
750,-310,0,2
950,330,0,1
-790,430,0,2
110,490,0,0
-930,-230,0,1
-250,90,0,0
-190,710,0,0
-110,70,0,1
450,470,0,0
610,230,0,1
1030,50,0,2
-650,-350,0,2
-890,650,0,0
1110,450,0,0
-430,190,0,1
-530,-470,0,2
-770,170,0,2
590,-270,0,2
30,570,0,1
-850,-150,0,0
-590,630,0,2
-650,-430,0,2
70,450,0,0
-650,170,0,2
990,-230,0,1
710,210,0,0
990,410,0,0
-810,-590,0,2
-930,690,0,1
-230,-530,0,2
-790,30,0,2
570,630,0,1
-1050,-550,0,2
-670,470,0,1
-490,450,0,2
-990,-370,0,2
-410,-590,0,2
990,-390,0,2
650,-50,0,2
130,590,0,0
130,270,0,2
570,-170,0,1
10,510,0,1
330,750,0,2
370,-490,0,0
1090,30,0,1
90,-330,0,2
570,430,0,0
-1110,-410,0,0
1110,-670,0,2
190,-310,0,2
-210,450,0,0
250,270,0,0
810,350,0,0
-830,590,0,0
-210,-590,0,2
30,290,0,2
610,-330,0,2
570,-250,0,2
-490,-190,0,1
-430,-210,0,1
-450,730,0,2
-470,270,0,2
910,-710,0,2
390,570,0,0
210,30,0,1
-1070,310,0,1
990,-190,0,1
-310,670,0,2
-50,-350,0,2
-390,-10,0,2
570,-450,0,0
570,510,0,0
-1030,670,0,0
-730,530,0,2
590,50,0,0
950,570,0,1
50,430,0,0
50,350,0,0
510,690,0,0
-290,610,0,2
-910,390,0,2
-730,170,0,2
-870,470,0,0
-290,650,0,2
-770,490,0,0
1010,-610,0,2
-190,-450,0,2
-730,650,0,0
630,730,0,0
90,30,0,2
-730,210,0,2
270,50,0,0
-690,-30,0,2
330,30,0,0
910,-430,0,0
-490,-430,0,2
530,230,0,0
190,-430,0,0
110,-310,0,0
870,-230,0,1
-810,-550,0,2
190,-590,0,2
670,570,0,0
-570,-390,0,2
90,-250,0,1
190,50,0,1
350,-390,0,2
-130,690,0,2
-310,190,0,1
910,-30,0,2
470,210,0,0
-510,270,0,2
-350,150,0,0
-850,-510,0,2
570,230,0,0
-750,-450,0,2
350,250,0,0
570,-130,0,1
-470,750,0,0
-330,370,0,2
-650,90,0,2
750,-150,0,1
-770,-70,0,2
-310,-490,0,2
810,-130,0,0
-530,-630,0,2
330,-290,0,0
430,-390,0,0
810,390,0,0
-590,-170,0,0
850,-570,0,2
-50,650,0,0
130,-610,0,2
-670,30,0,0
150,650,0,2
-890,290,0,1
-530,-590,0,2
730,-730,0,2
450,-210,0,1
950,610,0,0
950,370,0,0
-130,-390,0,0
-430,590,0,2
910,-230,0,1
750,210,0,0
-830,30,0,2
-810,650,0,2
-610,-630,0,2
690,-330,0,0
-330,490,0,2
-750,590,0,2
310,-30,0,0
1010,-90,0,1
-70,590,0,0
910,-670,0,2
390,-590,0,2
-950,-290,0,1
930,230,0,1
-1070,-10,0,0
570,110,0,0
-970,-270,0,1
-670,-210,0,1
290,-130,0,0
-330,290,0,2
-850,450,0,2
590,290,0,1
750,250,0,0
-90,250,0,2
670,370,0,0
-950,150,0,0
-570,370,0,0
-1090,-550,0,0
-730,-350,0,2
-630,-570,0,2
890,-610,0,2
-270,-50,0,2
50,-410,0,0
-10,-270,0,0
550,290,0,0
-1090,-510,0,0
-1010,690,0,2
-110,-570,0,0
250,-570,0,2
-10,-230,0,0
390,-150,0,1
770,-530,0,2
-1090,-590,0,2
1110,-550,0,2
550,490,0,0
-950,-530,0,0
290,750,0,2
670,-510,0,2
370,-250,0,2
410,-130,0,1
790,610,0,1
170,110,0,2
-670,310,0,1
-750,150,0,2
230,-230,0,1
-530,170,0,0
470,-470,0,2
850,670,0,0
-870,-90,0,0
-630,30,0,2
-30,710,0,2
-650,-390,0,2
970,590,0,0
670,-270,0,2
370,190,0,0
-150,270,0,0
530,-130,0,1
10,470,0,0
-950,-450,0,2
70,-710,0,2
1070,130,0,2
-270,270,0,2
-490,370,0,2
-930,-550,0,2
-410,250,0,2
950,-70,0,1
150,130,0,2
150,610,0,0
150,210,0,2
930,-410,0,0
-930,410,0,2
1030,-430,0,0
-790,-290,0,2
-130,610,0,2
-110,550,0,0
710,-430,0,2
330,550,0,0
630,-630,0,2
470,-310,0,2
-990,-170,0,1
1110,370,0,0
1050,750,0,0
-1090,-430,0,2
-10,330,0,0
-130,-350,0,0
-30,-90,0,0
-530,-70,0,0
350,-150,0,1
230,570,0,0
210,670,0,2
810,-50,0,2
-990,590,0,1
-50,-270,0,2
710,-710,0,2
1030,410,0,0
70,690,0,2
930,350,0,1
670,-550,0,2
-290,410,0,0
850,-650,0,2
290,-370,0,1
350,610,0,0
-190,150,0,0
870,-70,0,0
250,-210,0,1
170,670,0,2
-170,690,0,2
790,570,0,1
610,-210,0,0
-150,-10,0,0
-1030,-130,0,1
-430,-90,0,2
450,150,0,0
-770,250,0,2
-530,10,0,2
730,-450,0,2
-690,-470,0,2
-570,-630,0,2
30,-390,0,0
730,-10,0,2
-310,-90,0,2
1090,-610,0,2
-190,-410,0,2
-870,510,0,0
-470,-370,0,1
710,-630,0,2
410,-210,0,1
1030,330,0,0
30,490,0,0
330,630,0,0
-210,570,0,0
-1050,-390,0,0
70,-470,0,0
50,190,0,2
310,-670,0,2
1090,-450,0,2
570,30,0,0
310,-270,0,1
850,-130,0,0
690,-170,0,1
-970,-430,0,2
730,670,0,1
-490,-470,0,2
30,650,0,0
-670,-250,0,1
-670,110,0,2
990,-70,0,1
-110,-610,0,2
870,-350,0,2
970,70,0,2
-970,-550,0,2
-910,-170,0,1
50,750,0,2
-790,110,0,2
590,-670,0,2
-590,-530,0,2
-590,590,0,2
350,570,0,0
-910,-250,0,1
-1010,-390,0,2
810,190,0,2
-1110,670,0,0
330,310,0,0
-10,250,0,2
770,30,0,2
-410,10,0,2
130,550,0,1
-330,-510,0,2
910,250,0,1
950,650,0,0
770,-370,0,0
-50,90,0,1
190,410,0,1
770,-690,0,2
150,690,0,2
-650,-70,0,2
-30,70,0,1
730,190,0,0
-1010,-30,0,0
350,690,0,0
750,-710,0,2
-730,450,0,1
230,-470,0,0
890,390,0,0
310,-390,0,0
-70,-290,0,0
-170,-310,0,0
270,-230,0,1
-650,650,0,0
-1050,-470,0,2
1090,270,0,1
670,-670,0,2
-1010,-670,0,2
50,550,0,1
-630,-650,0,0
70,90,0,0
170,-650,0,0
670,-70,0,2
-30,750,0,2
-10,410,0,1
290,710,0,2
110,-70,0,0
-490,-30,0,0
-1010,370,0,1
-190,590,0,1
990,90,0,2
-390,-450,0,2
630,-550,0,2
90,470,0,0
690,590,0,0
-290,-670,0,2
-930,-510,0,0
-450,250,0,2
-150,-450,0,0
810,-250,0,1
830,490,0,1
890,-10,0,2
990,-310,0,0
-830,-530,0,2
210,470,0,0
-450,-430,0,2
-610,610,0,2
450,-450,0,2
110,250,0,2
-410,570,0,2
-930,-590,0,0
-690,-510,0,2
-930,-190,0,1
810,110,0,2
110,-390,0,0
130,-210,0,1
530,-650,0,0
-1070,390,0,0
950,-590,0,2
-810,-230,0,0
290,30,0,0
290,-90,0,0
410,590,0,0
670,-630,0,2
130,30,0,1
590,-390,0,2
390,-190,0,1
330,670,0,1
-670,-610,0,2
130,430,0,0
-1090,-310,0,1
-210,-710,0,2
290,150,0,0
-490,210,0,0
-550,550,0,2
-170,90,0,0
10,150,0,2
-650,490,0,2
-90,690,0,2
630,530,0,0
290,-410,0,2
-630,470,0,2
530,30,0,0
-630,750,0,2
-230,-10,0,0
530,-170,0,0
350,-270,0,0
430,-470,0,0
1130,750,0,0
230,210,0,0
-150,670,0,0
-290,170,0,1
-1070,-130,0,1
890,-290,0,0
850,110,0,2
-30,190,0,2
-1050,-30,0,0
-1010,-470,0,0
1030,-310,0,0
-1090,-470,0,0
190,210,0,0
-990,-290,0,1
-390,-90,0,0
290,-530,0,0
-710,-210,0,1
-1050,10,0,0
890,510,0,2
690,110,0,2
-810,410,0,2
-1030,310,0,1
-330,610,0,2
-1090,-270,0,1
-710,310,0,1
30,-230,0,0
-150,230,0,2
950,-270,0,1
-930,-70,0,0
670,-230,0,0
-610,-310,0,2
310,730,0,2
-350,190,0,2
-370,-510,0,2
-590,-610,0,2
490,230,0,0
-590,-410,0,2
-910,-50,0,1
-890,170,0,1
970,-410,0,0
10,430,0,1
-710,270,0,1
-950,550,0,0
750,-270,0,0
1110,610,0,1
-250,690,0,0
850,-210,0,1
690,630,0,0
-390,110,0,0
930,-530,0,2
1090,430,0,0
-510,-50,0,0
-570,450,0,2
370,-170,0,1
170,-530,0,2
670,330,0,1
230,170,0,2
-170,330,0,0
690,470,0,0
850,70,0,2
-790,-410,0,2
-190,30,0,2
950,690,0,0
-1010,-310,0,1
170,-450,0,0
590,-70,0,2
-870,-370,0,2
-750,-610,0,2
30,210,0,0
-870,70,0,2
350,-310,0,0
-570,130,0,0
90,-530,0,2
-110,-370,0,2
410,-730,0,0
630,-270,0,2
-890,-310,0,1
-230,310,0,2
830,-590,0,2
-110,-530,0,0
510,-510,0,2
350,290,0,0
30,-670,0,2
-750,-90,0,0
-190,-610,0,2
950,-710,0,2
-750,-530,0,2
-290,-470,0,0
30,450,0,2
-690,-590,0,2
790,410,0,0
1070,-390,0,0
-830,-250,0,1
-990,-250,0,1
-970,330,0,0
-90,410,0,0
-170,250,0,2
-830,-610,0,2
890,-530,0,2
-170,-390,0,0
570,270,0,0
650,590,0,1
-30,-490,0,0
-1030,-250,0,1
-530,490,0,2
50,-570,0,2
530,750,0,0
1050,390,0,0
-790,590,0,0
-770,690,0,2
-550,630,0,2
570,710,0,1
-610,-470,0,2
450,-530,0,0
710,330,0,1
210,430,0,0
910,-390,0,0
450,-290,0,2
250,-10,0,0
490,390,0,0
870,-30,0,2
-370,-70,0,2
410,350,0,0
870,730,0,0
990,730,0,0
-710,-330,0,2
-330,650,0,0
250,750,0,2
730,-610,0,2
-1070,-690,0,2
-810,-70,0,2
-1010,650,0,0
30,-470,0,0
430,-110,0,0
-510,430,0,2
-370,-110,0,2
690,390,0,0
690,-290,0,0
30,-310,0,2
650,-170,0,1
630,-670,0,2
-950,-210,0,0
1130,150,0,2
-490,730,0,2
1030,-390,0,2
450,230,0,0
-290,-430,0,0
-510,190,0,2
-970,570,0,1
-170,450,0,0
-770,-150,0,0
-230,-690,0,2
490,-490,0,2
-930,-430,0,2
970,430,0,1
-670,230,0,0
-910,270,0,1
510,490,0,0
-350,670,0,2
930,30,0,2
-210,-350,0,0
990,170,0,2
210,590,0,0
-870,-130,0,0
-370,410,0,2
30,50,0,2
-470,-610,0,2
990,450,0,0
670,10,0,2
1110,-630,0,2
-610,-550,0,2
570,70,0,0
1150,690,0,1
-370,-630,0,2
490,150,0,0
-10,90,0,2
-450,490,0,2
250,510,0,0
-570,-510,0,2
-650,50,0,2
910,50,0,2
-870,-170,0,1
-730,690,0,2
810,230,0,0
810,-650,0,2
-150,-530,0,2
-930,10,0,0
1030,-110,0,1
-1110,-570,0,2
210,310,0,2
70,-70,0,0
870,-670,0,2
490,-730,0,2
-70,430,0,0
270,-670,0,2
910,170,0,2
890,550,0,0
-1050,50,0,0
310,250,0,0
490,630,0,1
490,-370,0,2
-30,-650,0,0
170,710,0,2
770,670,0,0
690,430,0,1
-250,490,0,0
-610,250,0,1
-310,-530,0,2
-790,670,0,0
-750,-410,0,2
-230,-410,0,0
-570,-590,0,2
-330,-70,0,2
530,-210,0,1
710,-350,0,1
-670,630,0,2
-710,430,0,1
-870,670,0,1
730,-90,0,2
590,410,0,0
530,-10,0,0
-490,250,0,2
-810,-190,0,0
970,-50,0,1
350,-550,0,2
550,-390,0,0
-690,-270,0,1
950,170,0,2
-670,-330,0,2
-870,390,0,0
50,270,0,2
270,-590,0,2
770,-130,0,2
-230,-130,0,2
-710,-570,0,2
470,50,0,0
790,170,0,2
490,590,0,1
910,-590,0,2
510,-430,0,2
-290,-150,0,0
470,90,0,2
650,-290,0,2
-430,-170,0,2
550,-470,0,2
510,-70,0,0
630,-710,0,2
610,270,0,1
450,-490,0,0
-1030,-50,0,0
-1090,-190,0,1
-1130,50,0,0
630,410,0,1
-810,330,0,1
-390,-50,0,2
330,430,0,0
-770,-270,0,0
-990,230,0,1
510,450,0,0
210,710,0,2
-270,150,0,1
30,-110,0,0
-890,490,0,0
-750,550,0,2
-10,-550,0,0
-1070,-650,0,2
-910,430,0,2
850,-610,0,2
1150,250,0,0
-30,510,0,0
210,-410,0,0
770,-210,0,1
-650,-190,0,0
-370,690,0,2
870,-390,0,0
-270,70,0,1
430,650,0,1
-710,-10,0,2
350,50,0,0
230,250,0,0
1010,550,0,0
170,-250,0,1
990,570,0,0
790,210,0,2
890,30,0,2
-230,-170,0,0
-950,430,0,0
-10,-190,0,0
-670,390,0,1
270,-470,0,2
10,-530,0,0
170,-370,0,0
-690,50,0,2
-70,670,0,0
-170,570,0,2
-170,730,0,2
-1010,730,0,1
1030,450,0,0
10,-410,0,0
1110,730,0,0
-650,730,0,2
290,-50,0,0
-830,-370,0,2
370,310,0,0
270,-350,0,1
590,-190,0,1
-10,-510,0,0
830,-430,0,2
-50,330,0,0
-770,570,0,1
410,-410,0,0
570,190,0,0
-370,90,0,0
-310,230,0,2
590,210,0,1
70,730,0,2
690,-490,0,2
1010,-690,0,2
-990,390,0,1
790,650,0,1
-610,-110,0,2
670,250,0,1
150,330,0,0
10,190,0,2
70,610,0,0
-130,-70,0,0
770,-10,0,2
90,-410,0,2
210,-330,0,2
610,-570,0,2
890,-490,0,2
-1050,-510,0,2
830,10,0,2
930,-10,0,2
310,690,0,0
570,-410,0,2
470,370,0,0
-50,50,0,0
-170,-670,0,2
670,50,0,0
1110,570,0,0
-470,-130,0,2
270,-270,0,0
-90,530,0,0
-630,390,0,1
-170,130,0,0
870,-190,0,1
-610,-230,0,1
-110,-690,0,2
30,90,0,2
-890,-470,0,2
370,350,0,0
-550,-170,0,2
70,330,0,2
-430,-130,0,2
470,-390,0,2
-970,-230,0,1
610,590,0,0
470,290,0,0
850,-490,0,2
-90,-30,0,0
410,710,0,0
-530,250,0,0
-730,-110,0,2
170,-490,0,0
390,650,0,0
1030,610,0,1
-350,-50,0,0
-990,-490,0,2
-130,-670,0,2
-310,-130,0,2
-750,-10,0,2
-330,-150,0,0
-390,630,0,0
-10,-110,0,0
-50,290,0,0
-930,610,0,2
-130,250,0,2
830,-150,0,0
950,290,0,0
250,-290,0,0
650,350,0,0
-1010,570,0,1
-810,-510,0,0
690,-410,0,2
610,550,0,0
70,-350,0,0
490,-650,0,2
30,-590,0,2
810,750,0,0
890,-450,0,2
170,430,0,1
1050,-210,0,1
-450,-510,0,2
-1030,430,0,0
750,170,0,2
-130,-590,0,2
110,-470,0,0
250,230,0,0
-130,450,0,0
-1050,-630,0,2
810,-530,0,2
-390,230,0,0
890,150,0,2
1130,230,0,0
-350,310,0,2
-110,430,0,0
-670,-290,0,2
-410,-510,0,2
490,-210,0,1
-570,250,0,0
-190,430,0,2
-270,-130,0,0
-1050,-430,0,0
-370,210,0,1
30,250,0,2
-230,670,0,0
830,450,0,0
230,130,0,2
390,370,0,0
910,490,0,0
150,50,0,2
810,-210,0,1
-690,330,0,1
250,-450,0,0
-1130,-310,0,1
1010,710,0,0
50,30,0,0
310,370,0,0
-50,210,0,2
-910,-530,0,0
590,570,0,1
490,670,0,1
-650,-470,0,2
550,-150,0,1
-790,-530,0,0
-1010,-630,0,2
430,-150,0,0
-130,730,0,2
1050,630,0,0
970,110,0,2
970,-530,0,2
170,-610,0,0
-830,-170,0,0
-130,290,0,0
150,-190,0,0
-90,650,0,0
-690,450,0,1
-990,70,0,1
570,-610,0,2
-330,-550,0,2
810,710,0,0
-90,-110,0,0
50,310,0,2
310,290,0,0
50,470,0,0
470,530,0,1
890,-250,0,1
1090,-210,0,1
-670,-50,0,2
-390,390,0,0
730,310,0,1
830,250,0,1
-290,370,0,0
150,10,0,1
290,390,0,0
1030,90,0,2
-130,-630,0,2
-50,610,0,0
-1030,-570,0,2
-210,330,0,0
-530,-430,0,2
670,-590,0,2
730,-410,0,2
90,-370,0,0
950,730,0,0
690,350,0,0
470,730,0,0
-770,210,0,2
-70,-170,0,0
510,-470,0,0
-790,230,0,2
870,450,0,0
-490,290,0,0
-790,550,0,2
-750,30,0,2
870,-550,0,2
930,-90,0,0
-250,530,0,0
450,630,0,1
-290,130,0,0
1010,350,0,0
170,590,0,1
-830,510,0,0
-1110,-290,0,1
710,90,0,2
-770,-590,0,2
410,-530,0,0
-410,50,0,2
770,-330,0,2
-230,510,0,0
1010,590,0,0
850,-690,0,2
790,50,0,2
430,450,0,1
-210,-670,0,2
910,530,0,1
-230,470,0,0
-510,150,0,1
950,130,0,2
290,470,0,0
-570,-350,0,2
-50,730,0,2
-650,-310,0,2
410,-50,0,0
150,370,0,0
130,-650,0,0
-330,-190,0,0
-470,150,0,2
290,670,0,2
410,510,0,0
230,530,0,0
950,-150,0,1
-670,-370,0,2
1030,650,0,0
-1050,570,0,0
-790,-130,0,0
-110,750,0,2
-210,-150,0,0
1050,310,0,0
70,490,0,0
590,730,0,0
130,750,0,2
-1030,630,0,1
1030,-470,0,2
790,-470,0,2
-270,350,0,1
-510,390,0,0
990,-350,0,2
310,450,0,1
450,670,0,0
1110,490,0,0
-350,390,0,2
1130,550,0,1
-170,-430,0,2
-450,570,0,2
210,-170,0,0
510,-150,0,1
-510,110,0,2
50,390,0,0
170,-330,0,2
90,-50,0,0
730,-570,0,2
-930,730,0,0
930,70,0,2
-210,-630,0,2
-190,630,0,2
610,-50,0,2
210,230,0,2
830,650,0,1
-910,590,0,0
730,750,0,0
490,510,0,0
-790,470,0,2
-130,-710,0,2
1110,170,0,2
370,-330,0,2
550,570,0,1
450,190,0,0
-150,630,0,0
1030,10,0,0
30,170,0,2
-10,10,0,2
-1010,610,0,1
1030,-670,0,2
970,470,0,0
-970,-590,0,2
-270,-90,0,2
790,-350,0,0
1030,-190,0,1
-730,250,0,1
510,90,0,0
510,650,0,0
1050,550,0,0
-870,-530,0,0
-90,130,0,2
-70,350,0,0
670,-390,0,2
-70,-490,0,0
970,-450,0,0
1010,-330,0,2
-690,730,0,0
190,-190,0,0
-510,-450,0,2
230,-390,0,0
10,-10,0,2
-910,550,0,0
530,390,0,0
890,-130,0,0
-1110,-50,0,1
-830,-450,0,0
-50,530,0,0
1010,510,0,0
830,50,0,2
-410,410,0,0
450,350,0,0
1070,-710,0,0
330,-370,0,0
-950,-250,0,1
-470,590,0,2
410,550,0,0
1070,-670,0,2
-90,210,0,2
70,570,0,1
810,430,0,1
590,610,0,1
610,-690,0,2
-950,-570,0,2
810,-290,0,2
-690,-190,0,0
-770,410,0,0
170,350,0,0
130,390,0,1
410,270,0,0
790,-110,0,1
-690,90,0,2
710,730,0,0
850,630,0,1
-290,690,0,0
-270,750,0,2
170,270,0,0
-410,130,0,0
690,-90,0,2
790,450,0,1
1050,-490,0,2
-530,-230,0,1
630,610,0,1
350,10,0,0
550,-350,0,2
-250,50,0,0
870,-430,0,2
230,650,0,2
-130,-30,0,0
150,530,0,0
-550,-370,0,0
470,450,0,0
210,-210,0,1
-1010,50,0,1
-330,-630,0,2
750,-430,0,2
-250,-550,0,2
-410,370,0,0
-310,70,0,0
-650,330,0,1
-990,470,0,2
430,-310,0,2
950,-350,0,2
710,130,0,2
-130,-270,0,0
130,230,0,2
110,570,0,0
770,-570,0,2
-350,230,0,0
-890,-590,0,2
890,310,0,0
-930,-350,0,0
290,190,0,0
730,-250,0,1
210,-490,0,2
-10,690,0,2
430,530,0,0
270,290,0,0
630,450,0,0
-90,90,0,1
530,190,0,0
-430,470,0,2
-830,-210,0,0
-710,110,0,2
430,490,0,0
-70,-130,0,0
-290,730,0,0
430,-550,0,2
-930,-670,0,2
-410,-30,0,1
-710,-370,0,2
190,-230,0,0
750,370,0,0
-770,330,0,1
770,350,0,0
-910,-210,0,0
550,250,0,1
-670,670,0,0
1130,590,0,1
710,250,0,1
-710,630,0,2
50,-90,0,0
390,250,0,0
-830,430,0,2
-530,450,0,2
570,-290,0,2
-950,-650,0,2
-750,230,0,2
-290,-630,0,2
610,30,0,2
170,-410,0,2
-990,-90,0,1
-350,630,0,2
-570,490,0,2
-170,-470,0,2
-650,10,0,2
-650,-550,0,2
-10,-30,0,0
-930,650,0,1
-310,30,0,0
990,10,0,2
-230,-610,0,2
470,-630,0,0
-830,230,0,0
270,450,0,0
-370,370,0,2
590,-550,0,2
-650,-150,0,0
770,390,0,0
-170,-110,0,0
-790,-210,0,1
1070,450,0,0
110,530,0,0
610,-290,0,2
-910,-570,0,2
1030,-630,0,2
-970,450,0,0
570,-330,0,2
-890,690,0,0
-390,470,0,0
-110,-90,0,2
-1050,290,0,1
970,630,0,0
730,390,0,0
710,10,0,2
-410,530,0,0
110,650,0,2
850,-50,0,2
310,-430,0,0
1050,-570,0,2
110,330,0,0
790,-150,0,2
550,690,0,0
130,630,0,0
-850,-110,0,0
690,230,0,1
-10,450,0,1
-350,-690,0,2
-70,510,0,0
810,630,0,1
750,-350,0,1
-130,410,0,2
370,-370,0,0
430,330,0,0
50,230,0,2
790,-630,0,2
530,-330,0,2
950,450,0,0
430,-230,0,1
1070,210,0,0
750,-670,0,2
30,370,0,0
30,730,0,2
-650,-590,0,2
-230,230,0,2
70,650,0,0
-850,650,0,0
1090,110,0,2
-910,510,0,0
1110,290,0,1
390,730,0,0
-1030,30,0,0
1030,250,0,1
-970,490,0,0
270,650,0,0
-750,430,0,1
-310,310,0,2
-1070,550,0,1
-530,690,0,2
990,-270,0,0
-830,-690,0,2
-450,-590,0,0
-530,130,0,1
730,550,0,0
-30,350,0,0
150,90,0,2
-910,750,0,0
-310,470,0,0
910,-630,0,2
-430,70,0,2
410,470,0,0
-290,10,0,0
590,370,0,0
-350,350,0,0
430,170,0,0
-290,-30,0,0
-710,590,0,2
570,-210,0,1
1090,-290,0,1
230,10,0,0
910,-70,0,1
230,410,0,0
-730,-190,0,0
-650,-670,0,2
870,50,0,2
-910,670,0,1
1050,150,0,2
330,-690,0,2
-850,-30,0,1
850,-410,0,0
1070,-630,0,2
-850,290,0,1
410,190,0,0
30,10,0,2
-570,570,0,2
30,-510,0,0
-850,10,0,2
-930,170,0,1
-210,210,0,2
550,210,0,1
-1110,-90,0,0
-830,550,0,0
450,270,0,1
-90,-430,0,2
-1030,750,0,0
-910,-690,0,2
510,-710,0,0
250,470,0,2
770,150,0,2
-30,390,0,1
-930,450,0,0
790,-310,0,2
-1050,530,0,0
910,730,0,0
-510,470,0,0
-30,-250,0,1
690,-10,0,2
-450,610,0,2
690,-370,0,0
-210,50,0,2
-410,330,0,0
-830,110,0,2
-710,-610,0,2
-430,110,0,2
-490,90,0,2
150,-350,0,2
490,70,0,0
-570,-110,0,2
50,590,0,0
490,710,0,0
-270,670,0,2
650,-610,0,2
-470,-450,0,2
-610,-30,0,0
830,330,0,1
950,-310,0,0
-1030,-290,0,1
370,-90,0,0
1070,-550,0,2
1130,-690,0,0
-1050,-150,0,1
210,350,0,0
890,-210,0,1
70,-230,0,0
310,530,0,0
-450,370,0,0
-810,370,0,0
370,750,0,2
-470,710,0,2
-130,-550,0,2
-850,250,0,1
-930,-310,0,1
-710,-50,0,0
-490,-390,0,0
-250,290,0,2
850,-290,0,2
530,-730,0,0
450,-650,0,2
-870,550,0,0
-790,-450,0,2
-390,430,0,0
850,-250,0,1
-690,-630,0,2
-110,710,0,2
-490,130,0,2
-1030,-10,0,0
-890,-70,0,0
-790,70,0,2
170,630,0,0
-1070,510,0,1
-550,710,0,2
910,-510,0,2
-730,410,0,1
150,-230,0,1
-830,310,0,1
-990,430,0,2
-850,90,0,2
950,-390,0,2
-750,-330,0,2
670,490,0,1
250,670,0,2
970,-170,0,1
970,390,0,0
-30,630,0,0
750,10,0,2
-870,-10,0,0
690,710,0,0
250,30,0,1
-750,190,0,2
870,-630,0,2
50,-370,0,0
50,670,0,0
-1030,-330,0,1
-170,490,0,2
670,450,0,0
-1130,-110,0,0
-1090,-30,0,1
-750,110,0,2
-830,150,0,2
-10,-150,0,0
110,-670,0,0
710,-510,0,2
210,630,0,0
-570,-190,0,0
-510,710,0,2
990,210,0,0
-630,270,0,0
-150,-410,0,0
950,50,0,2
-150,470,0,0
-1050,-190,0,1
-230,430,0,0
250,110,0,0
-870,-650,0,2
450,30,0,0
-630,-10,0,2
1010,-10,0,1
-430,-370,0,0
270,90,0,1
-590,510,0,2
650,-450,0,2
810,-450,0,2
-730,-310,0,2
950,410,0,0
-990,-610,0,2
-310,510,0,0
850,270,0,0
-550,-210,0,1
490,350,0,1
-830,-50,0,0
-150,750,0,2
370,470,0,0
90,-90,0,1
1010,-290,0,1
510,-230,0,2
590,330,0,1
-830,710,0,2
830,570,0,1
590,690,0,0
-630,430,0,1
1110,-510,0,2
-290,210,0,2
490,30,0,0
-1050,-270,0,1
170,510,0,0
350,-350,0,0
-1070,-450,0,2
-230,-490,0,2
270,370,0,0
950,10,0,2
-790,-490,0,0
110,170,0,2
90,-610,0,0
570,-490,0,2
-570,410,0,0
770,190,0,2
670,210,0,0
-670,550,0,2
-10,570,0,1
-610,90,0,2
-1010,-590,0,2
-1110,-10,0,0
650,-490,0,2
150,450,0,1
190,690,0,2
210,390,0,1
630,330,0,0
-90,-390,0,0
430,-70,0,0
-510,-650,0,2
910,650,0,1
190,290,0,2
-730,-590,0,2
-750,-290,0,0
-550,70,0,0
230,450,0,0
-50,-310,0,0
430,10,0,0
150,290,0,2
-50,-150,0,0
470,690,0,0
-610,-670,0,2
-1090,50,0,0
-870,590,0,2
-990,110,0,1
-270,230,0,2
990,-30,0,1
-410,170,0,0
110,-430,0,0
-450,10,0,2
-790,-50,0,2
70,170,0,2
1010,30,0,2
-30,30,0,2
-1110,-650,0,2
-950,670,0,1
710,690,0,0
-250,-670,0,2
610,-410,0,2
-330,-470,0,2
-970,-670,0,2
-50,-630,0,0
-970,-110,0,1
190,370,0,0
910,-350,0,2
-310,-690,0,2
-270,-410,0,0
630,250,0,0
270,530,0,0
-610,-70,0,2
650,-250,0,2
1030,570,0,0
-870,-690,0,2
130,470,0,0
-970,-190,0,1
-310,750,0,2
830,370,0,0
-990,-570,0,2
-570,90,0,0
-830,-490,0,2
-870,-490,0,0
-130,-510,0,0
610,710,0,0
630,-110,0,2
1090,550,0,0
610,-170,0,1
-430,30,0,2
10,590,0,1
-1030,-210,0,1
-1070,-250,0,1
510,290,0,0
910,90,0,2
-50,-110,0,0
690,-690,0,0
190,170,0,0
-1130,-150,0,1
490,-530,0,0
810,-370,0,0
-630,710,0,1
1050,-90,0,1
-770,290,0,1
-350,510,0,0
1070,290,0,0
1090,190,0,0
-830,470,0,0
150,170,0,2
290,-10,0,0
-70,-530,0,0
-570,-150,0,2
-690,-350,0,2
-510,550,0,2
430,210,0,0
590,10,0,0
1070,-110,0,1
-310,-50,0,2
-1070,-570,0,2
490,-570,0,2
-570,610,0,2
-190,-690,0,2
-270,-10,0,2
-470,-570,0,2
-790,-170,0,0
650,310,0,0
-1030,-410,0,2
-30,-370,0,0
190,-390,0,2
-530,210,0,1
-610,290,0,0
-390,190,0,2
-710,230,0,1
470,-30,0,0
-630,-610,0,2
710,-30,0,2
-110,590,0,2
990,250,0,0
770,-290,0,2
430,570,0,0
1050,190,0,0
510,-590,0,2
50,-50,0,0
-130,210,0,2
-930,-30,0,1
-1090,-230,0,1
-910,630,0,1
330,270,0,0
-250,-430,0,1
510,-550,0,2
330,390,0,0
-1050,-590,0,2
690,750,0,0
-870,270,0,1
390,-30,0,0
-370,-710,0,2
810,-410,0,2
-730,-70,0,0
1070,-150,0,1
650,-530,0,2
-1030,270,0,1
350,-430,0,0
890,430,0,0
-870,-290,0,0
-790,-370,0,2
-690,650,0,2
230,330,0,0
-950,510,0,0
670,-110,0,2
330,190,0,0
410,-690,0,2
1090,150,0,2
1090,-490,0,2
850,390,0,0
1130,630,0,0
10,710,0,2
-730,730,0,2
-250,210,0,2
-430,710,0,2
-310,-10,0,0
750,-30,0,2
-550,470,0,2
-650,370,0,1
-70,-10,0,0
-370,330,0,0
-530,90,0,2
-470,670,0,2
690,-210,0,1
-330,250,0,2
-410,-430,0,2
-230,-570,0,2
-670,-90,0,2
-430,390,0,0
810,-570,0,2
1070,-510,0,2
-270,470,0,2
270,-710,0,0
430,130,0,0
-310,-410,0,2
370,670,0,0
-370,-190,0,1
150,-670,0,0
-70,-330,0,2
70,-30,0,1
450,550,0,1
770,750,0,0
-590,150,0,1
-930,370,0,0
330,-450,0,0
-830,-650,0,2
50,-290,0,2
890,-330,0,2
510,530,0,1
-710,510,0,2
610,110,0,2
-90,50,0,0
-290,-590,0,2
970,190,0,2
830,-110,0,1
590,-430,0,2
930,-170,0,1
450,590,0,0
1070,730,0,0
90,670,0,2
-150,590,0,2
-1090,-670,0,2
-1030,-650,0,2
830,-190,0,1
30,-150,0,0
550,-230,0,2
-970,370,0,1
-90,290,0,2
-150,110,0,1
-910,470,0,1
-170,-70,0,2
230,-630,0,2
450,110,0,0
870,610,0,1
-850,690,0,0
1010,-370,0,2
390,-110,0,0
570,310,0,0
710,530,0,0
330,230,0,0
1090,350,0,1
-250,-510,0,2
-810,50,0,2
-550,-90,0,2
-490,-230,0,1
710,450,0,1
-650,410,0,1
690,150,0,2
690,270,0,1
-690,570,0,2
-770,-30,0,2
-670,-570,0,2
230,-710,0,2
730,590,0,2
-810,530,0,0
-710,-650,0,2
-270,-610,0,2
-1030,550,0,0
90,310,0,0
470,-590,0,2
150,490,0,0
-210,610,0,0
-190,110,0,1
-990,150,0,1
-250,-190,0,0
-1050,410,0,1
-290,530,0,2
-70,710,0,2
-870,350,0,1
950,-670,0,2
270,-550,0,2
-990,510,0,2
-770,-510,0,2
650,70,0,2
-830,-330,0,2
250,-370,0,0
-30,430,0,0
-150,-50,0,0
390,450,0,1
-170,-510,0,0
530,-690,0,2
-650,-30,0,2
-90,730,0,2
-890,570,0,0
-710,-490,0,2
750,-190,0,1
-430,-570,0,0
950,-550,0,2
-470,190,0,0
-590,-450,0,2
1050,110,0,0
950,-230,0,1
470,-430,0,2
530,470,0,1
-350,-650,0,2
-50,-550,0,0
-870,-210,0,1
910,370,0,0
270,-390,0,2
750,530,0,1
-370,-550,0,2
-1010,330,0,1
890,230,0,0
50,-530,0,2
-470,70,0,2
-90,490,0,0
1070,330,0,0
570,390,0,0
-290,50,0,2
-430,670,0,2
-550,30,0,2
-30,-130,0,0
-830,670,0,0
-570,-470,0,2
410,230,0,0
-570,10,0,2
610,150,0,0
770,-410,0,2
770,630,0,1
-590,190,0,1
830,210,0,2
-730,330,0,1
-470,-410,0,2
-510,670,0,2
750,-390,0,2
-1030,-610,0,2
550,130,0,0
190,650,0,2
-890,-630,0,2
-130,50,0,1
330,510,0,0
-790,630,0,0
-770,-310,0,2
590,170,0,0
-430,-450,0,2
-770,130,0,2
-10,210,0,2
890,590,0,0
650,550,0,0
-770,610,0,0
790,90,0,2
-710,710,0,2
50,70,0,2
1070,-430,0,0
750,290,0,1
1010,750,0,0
550,-270,0,2
-630,670,0,0
-410,-670,0,2
810,30,0,2
130,-410,0,2
350,-510,0,2
330,470,0,0
110,10,0,1
-510,70,0,2
70,-310,0,2
90,230,0,2
730,230,0,0
-510,-490,0,2
-650,-630,0,2
590,-310,0,2
1090,-410,0,0
110,50,0,0
-90,-510,0,0
810,-330,0,2
50,150,0,2
-170,530,0,0
-930,-150,0,1
-30,-290,0,2
750,490,0,0
10,-650,0,0
370,30,0,0
-470,-530,0,2
430,-510,0,0
770,470,0,1
90,-490,0,0
1090,590,0,0
230,-510,0,2
-750,-50,0,2
970,710,0,0
-670,430,0,1
650,270,0,1
-10,490,0,0
-750,-250,0,0
290,-450,0,0
-30,310,0,0
1030,-270,0,1
-810,-270,0,1
-490,-110,0,2
-90,370,0,0
-890,450,0,2
-670,510,0,2
-270,-490,0,2
1070,-350,0,0
910,290,0,0
-1010,530,0,2
-630,-690,0,2
-90,170,0,2
90,270,0,2
-1030,-450,0,2
10,-450,0,0
650,-690,0,0
90,750,0,2
-730,-470,0,2
350,-70,0,0
-270,390,0,0
-750,-370,0,2
-910,-450,0,2
370,-650,0,2
-470,-650,0,2
810,310,0,1
930,270,0,0
-930,-110,0,1
50,-690,0,2
530,-570,0,2
90,-210,0,1
130,110,0,2
-30,670,0,0
-850,-390,0,2
-810,-670,0,2
-270,510,0,0
-30,110,0,2
-310,710,0,0
170,470,0,0
730,-170,0,1
-470,-490,0,2
-110,-330,0,0
1110,650,0,0
110,370,0,0
850,310,0,0
750,130,0,2
1070,-230,0,1
-770,450,0,1
-950,110,0,1
10,750,0,2
950,-470,0,2
250,-250,0,0
1070,170,0,2
-290,450,0,0
130,-330,0,0
750,-470,0,2
270,330,0,1
-30,-50,0,0
330,590,0,0
-710,-530,0,2
590,-510,0,2
190,-670,0,2
-70,-690,0,0
-810,130,0,2
570,550,0,0
530,430,0,0
230,-310,0,0
970,350,0,0
-210,170,0,0
490,-250,0,2
-1010,-270,0,1
-750,-210,0,1
350,410,0,1
870,-710,0,0
510,10,0,0
-830,350,0,1
-730,610,0,0
650,-130,0,0
-770,650,0,0
-150,-330,0,0
410,-10,0,0
1070,10,0,1
-10,730,0,2
670,730,0,0
-670,-130,0,2
190,730,0,2
890,630,0,0
310,-110,0,0
-1050,-310,0,1
710,-670,0,2
1010,-450,0,0
490,-90,0,0
670,170,0,0
-970,290,0,1
30,610,0,0
-890,-550,0,0
-510,590,0,2
490,-170,0,0
-250,-30,0,2
-350,-370,0,0
-410,-630,0,0
-630,350,0,1
390,290,0,0
690,550,0,0
510,-350,0,2
-150,310,0,2
-590,310,0,1
-850,-590,0,2
970,-650,0,2
-10,530,0,0
-370,130,0,0
-310,430,0,2
290,310,0,0
-970,-510,0,0
770,110,0,2
390,-470,0,0
-610,-590,0,2
-1050,-110,0,1
-730,490,0,0
270,-430,0,2
-850,-670,0,2
-910,-330,0,1
550,-710,0,0
-530,370,0,0
-70,30,0,0
-270,-370,0,0
810,670,0,0
490,-610,0,2
930,-250,0,1
-370,-30,0,2
-830,750,0,2
-710,-170,0,0
-590,-570,0,2
-70,470,0,0
-130,570,0,0
-790,510,0,0
590,-30,0,0
690,-650,0,2
-770,-110,0,1
730,-650,0,2
-170,-150,0,0
-130,-470,0,2
-250,330,0,0
50,-250,0,1
-590,710,0,1
-1070,630,0,0
-590,550,0,2
610,310,0,0
330,-10,0,2
-710,390,0,0
70,290,0,2
190,-270,0,0
410,-250,0,2
470,-70,0,2
10,-130,0,0
50,-330,0,2
650,750,0,0
610,-450,0,2
990,650,0,0
-910,110,0,0
-470,110,0,2
-390,-490,0,2
570,-50,0,0
-50,490,0,2
-870,-450,0,2
910,210,0,2
-250,-150,0,0
-230,-450,0,0
-790,190,0,0
190,490,0,0
790,10,0,2
-190,-370,0,0
-850,50,0,2
-650,250,0,0
430,610,0,0
-830,390,0,2
-810,90,0,2
930,430,0,1
90,390,0,1
-230,150,0,0
-930,490,0,1
650,390,0,0
-290,490,0,0
-210,-110,0,2
430,-590,0,2
-270,310,0,2
150,-390,0,2
-190,670,0,0
70,-430,0,0
-1090,-70,0,1
310,-510,0,0
-10,370,0,1
1010,-210,0,1
930,670,0,1
470,130,0,0
-970,90,0,1
50,-610,0,2
750,650,0,0
-690,-430,0,2
-470,470,0,2
30,690,0,2
-410,730,0,2
110,-550,0,2
-50,-470,0,0
-70,70,0,0
-850,-350,0,2
-570,170,0,0
-990,670,0,2
-70,-570,0,0
1110,250,0,0
-1050,610,0,1
350,-710,0,0
-110,-290,0,0
550,10,0,0
-330,-30,0,2
-50,450,0,2
-350,30,0,2
570,-90,0,0
1090,-170,0,1
930,390,0,0
-550,-450,0,2
390,490,0,0
-430,230,0,0
-450,530,0,0
250,710,0,2
10,-90,0,0
1070,410,0,0
-930,330,0,1
110,-510,0,2
550,450,0,0
350,-110,0,2
110,290,0,2
90,70,0,0
-670,190,0,2
730,-130,0,2
270,250,0,0
-190,350,0,0
1050,-370,0,2
170,150,0,0
730,-690,0,2
-770,370,0,0
-350,-130,0,2
930,-290,0,1
650,-650,0,2
-1110,-130,0,1
450,-90,0,0
-830,-10,0,2
150,-550,0,2
-950,-690,0,2
890,-410,0,0
330,-650,0,2
-330,130,0,2
110,690,0,2
-870,-330,0,2
-90,570,0,2
970,-10,0,2
-830,70,0,2
-950,-610,0,2
970,-250,0,1
350,490,0,0
-230,-50,0,0
210,-570,0,2
130,-290,0,0
-1050,730,0,0
730,-370,0,0
-590,-690,0,2
-190,-330,0,1
-650,530,0,2
-550,-10,0,2
-110,670,0,2
-770,730,0,2
-250,-470,0,2
730,150,0,2
-670,590,0,2
-630,190,0,0
1050,270,0,1
-210,290,0,2
-410,210,0,0
-850,-230,0,0
370,590,0,0
290,-570,0,2
850,-10,0,2
950,210,0,0
-1070,-370,0,0
650,190,0,0
870,570,0,1
230,-430,0,0
330,-170,0,1
-970,210,0,1
-490,-590,0,2
610,630,0,1
790,-590,0,2
950,530,0,0
-150,190,0,2
-130,-310,0,0
1090,-570,0,2
-470,-10,0,2
-710,-130,0,2
-470,-690,0,2
-390,70,0,0
210,150,0,0
270,-150,0,0
1150,210,0,0
250,-650,0,2
170,-290,0,2
330,-410,0,0
-670,-530,0,2
-470,510,0,2
-330,570,0,0
510,-310,0,2
870,490,0,0
-110,470,0,0
870,-270,0,1
590,-230,0,2
-870,750,0,0
-810,-470,0,0
-310,-610,0,2
390,170,0,0
110,-710,0,2
-610,450,0,0
890,350,0,1
-370,-670,0,2
-650,210,0,0
-270,710,0,0
1010,-50,0,1
1130,430,0,0
-810,-350,0,2
870,-510,0,2
-730,50,0,0
-450,-550,0,2
-610,530,0,2
510,210,0,0
-650,-510,0,2
90,510,0,0
70,-590,0,0
-750,390,0,2
630,690,0,1
1070,-270,0,1
-990,-210,0,1
-410,450,0,1
10,-490,0,0
-670,-650,0,2
150,-510,0,2
-310,-370,0,0
390,-510,0,0
490,-130,0,0
-890,-270,0,1
-1110,-610,0,2
-450,450,0,0
510,-30,0,0
-710,550,0,2
-370,-150,0,2
-150,-650,0,2
670,-710,0,2
-390,-610,0,2
-110,510,0,0
350,-30,0,0
550,370,0,0
-910,190,0,1
730,70,0,2
510,410,0,0
-550,-490,0,2
-150,150,0,2
-70,190,0,2
190,-30,0,0
630,210,0,0
-630,-250,0,1
390,610,0,0
-330,210,0,0
-230,30,0,0
690,-250,0,1
-770,-470,0,2
-910,-650,0,2
-1010,-70,0,0
-990,350,0,1
90,190,0,0
170,-10,0,0
1090,-250,0,1
-150,-490,0,2
-510,30,0,2
-610,-390,0,2
990,370,0,0
350,-590,0,2
-590,750,0,1
-510,750,0,0
-930,290,0,1
-990,-410,0,2
-1070,230,0,0
-130,10,0,2
-250,410,0,0
-110,-650,0,2
-690,370,0,2
1090,630,0,0
290,550,0,0
-850,-270,0,0
-530,610,0,2
190,570,0,0
290,630,0,1
-410,-70,0,0
-670,350,0,1
590,-350,0,2
-710,670,0,0
-490,-70,0,2
70,250,0,2
250,430,0,0
-810,250,0,1
-10,650,0,0
-730,-510,0,2
330,-570,0,2
370,-210,0,1
70,-390,0,0
1070,-190,0,1
-870,-570,0,2
-450,50,0,2
-950,-170,0,1
850,-170,0,1
570,470,0,1
-690,-110,0,2
990,-110,0,1
-550,-130,0,2
830,530,0,1
-430,270,0,2
-370,-590,0,2
-850,-550,0,2
1010,-170,0,1
-1070,-410,0,2
10,550,0,0
610,-370,0,0
130,-690,0,2
-1070,70,0,0
-430,-690,0,2
790,-710,0,2
250,-690,0,2
850,-530,0,2
-410,490,0,0
-330,730,0,0
90,-570,0,0
-610,570,0,2
790,-30,0,2
430,-270,0,0
-1010,290,0,0
-50,10,0,2
-430,-10,0,2
990,50,0,2
-650,610,0,2
990,490,0,0
470,-670,0,2
-970,-310,0,1
-530,50,0,0
610,390,0,0
390,-430,0,0
-990,-10,0,0
-90,10,0,0
-430,430,0,2
790,-230,0,1
530,150,0,0
630,-590,0,2
890,190,0,2
-990,190,0,1
-850,-70,0,0
950,90,0,2
850,230,0,0
-1070,-170,0,1
790,250,0,0
-490,-150,0,2
630,-430,0,2
-570,-670,0,2
510,330,0,0
530,310,0,0
930,110,0,2
-1010,-350,0,2
-510,510,0,0
-510,310,0,0
490,750,0,2
-1070,-490,0,2
-10,-310,0,2
-470,350,0,1
310,210,0,0
-950,-330,0,0
210,-610,0,2
-370,50,0,0
-670,-490,0,2
-50,-70,0,0
-930,50,0,1
650,710,0,0
-470,30,0,2
-210,690,0,0
-90,-70,0,2
-190,-650,0,2
-670,710,0,2
-450,-670,0,2
1030,-30,0,1
370,-610,0,2
-430,350,0,0
550,170,0,0
1010,390,0,0
-670,270,0,0
-270,590,0,0
630,-70,0,2
690,-450,0,2
230,-350,0,0
850,590,0,1
-270,430,0,0
-970,410,0,0
-1070,-530,0,0
730,-330,0,0
370,-130,0,0
410,-570,0,2
-50,130,0,0
870,10,0,2
-610,-430,0,2
150,-710,0,2
-1010,490,0,2
990,330,0,1
870,90,0,2
910,10,0,2
-330,10,0,1
-10,50,0,0
210,550,0,0
270,10,0,0
-710,-410,0,2
730,-50,0,2
630,170,0,0
30,-70,0,0
930,-210,0,1
-390,710,0,2
-70,-610,0,0
390,-390,0,0
450,710,0,0
130,70,0,0
-330,-110,0,2
470,410,0,0
610,190,0,0
510,-390,0,2
-610,-350,0,2
290,-170,0,1
-730,-430,0,2
-510,-10,0,0
290,-650,0,2
-310,390,0,0
1110,130,0,2
-810,610,0,0
1110,410,0,0
-370,490,0,0
370,-690,0,2
610,350,0,0
-290,-190,0,0
770,70,0,2
-570,690,0,2
-430,-530,0,2
30,410,0,1
-30,-330,0,0
-450,-30,0,2
630,50,0,2
-50,690,0,2
790,370,0,0
-810,290,0,1
490,-410,0,2
-1010,210,0,0
330,70,0,0
-330,330,0,2
810,-490,0,2
-870,710,0,0
-990,-50,0,0
610,-250,0,2
810,-90,0,1
650,-370,0,2
750,450,0,0
-790,-570,0,2
410,-330,0,2
30,-30,0,0
-530,410,0,1
490,-290,0,2
290,-330,0,1
-790,350,0,1
-110,-490,0,2
590,490,0,1
-170,-630,0,2
910,-110,0,2
970,-90,0,1
790,690,0,1
-630,-370,0,2
1030,730,0,0
-1010,250,0,1
710,-70,0,2
410,310,0,0
-110,270,0,2
-470,230,0,1
-110,230,0,2
-190,-530,0,2
-810,-430,0,2
10,-50,0,0
-150,-370,0,0
230,-270,0,0
-10,130,0,2
850,470,0,0
-650,130,0,2
10,-330,0,0
-970,690,0,2
1070,530,0,0
-990,-450,0,0
-510,-170,0,2
550,730,0,0
630,-30,0,2
410,-90,0,2
970,30,0,2
510,50,0,0
990,610,0,0
-950,590,0,2
770,-730,0,2
270,170,0,0
-970,-630,0,2
990,-710,0,2
-550,310,0,2
1070,370,0,0
670,130,0,2
1050,-650,0,2
630,90,0,2
1070,650,0,0
850,350,0,1
770,-450,0,2
190,-710,0,2
530,350,0,0
-850,-430,0,2
-970,250,0,1
930,-450,0,2
390,530,0,0
390,-710,0,2
-70,630,0,0
370,110,0,0
770,-650,0,2
950,-190,0,1
70,-270,0,0
910,410,0,0
-670,-410,0,2
750,610,0,0
1070,-590,0,2
1050,470,0,0
-350,-610,0,2
-510,-530,0,2
390,-670,0,2
-450,290,0,2
1090,310,0,0
70,-110,0,0
790,-390,0,2
370,230,0,0
110,-590,0,2
190,610,0,1
1050,-50,0,1
750,690,0,1
1010,-490,0,0
-210,370,0,0
970,-610,0,2
-370,570,0,2
-230,630,0,2
750,410,0,0
-1030,590,0,1
370,70,0,2
-570,-550,0,2
-930,-270,0,1
610,-90,0,2
-370,10,0,2
-890,-30,0,1
690,-610,0,2
550,50,0,0
470,610,0,0
230,-670,0,0
-610,370,0,1
350,370,0,0
410,-450,0,0
390,130,0,0
-590,-330,0,2
-210,-70,0,0
-50,-590,0,0
130,150,0,2
970,-690,0,2
-350,70,0,0
930,-650,0,2
790,-270,0,0
730,470,0,1
-630,70,0,2
390,410,0,0
-250,650,0,2
-390,670,0,2
1070,610,0,0
210,-650,0,2
1050,510,0,0
1110,210,0,0
-810,10,0,2
-630,-490,0,0
1050,-610,0,2
310,-550,0,2
-370,-430,0,2
10,-690,0,2
990,-430,0,0
-1110,30,0,0
470,-110,0,0
-750,750,0,1
-1130,-270,0,1
-730,10,0,2
-190,-90,0,2
450,-410,0,0
-890,410,0,2
150,-590,0,2
-350,110,0,1
110,130,0,2
-1050,450,0,1
-230,710,0,2
370,-530,0,2
-610,130,0,2
710,370,0,1
990,530,0,0
-390,-530,0,0
-450,90,0,0
-570,-430,0,2
590,130,0,0
-510,350,0,0
170,230,0,0
310,-230,0,1
710,570,0,0
-690,530,0,2
-30,-450,0,1
890,-650,0,2
-570,730,0,0
-530,-30,0,2
-630,-530,0,2
250,-530,0,2
470,-510,0,0
870,370,0,0
-890,-390,0,2
-210,-390,0,0
-70,110,0,2
10,110,0,2
450,-610,0,0
-250,10,0,0
-430,550,0,0
230,90,0,1
1130,390,0,0
-410,-190,0,0
530,-90,0,1
-890,-350,0,0
-310,-650,0,2
-70,-410,0,0
310,-630,0,2
-170,-710,0,2
-1130,-630,0,2
-230,-90,0,2
-950,-10,0,0
410,30,0,0
-1090,-150,0,1
1030,690,0,0
1070,490,0,0
-110,190,0,2
-530,-110,0,2
-710,470,0,1
-190,270,0,2
410,430,0,0
350,-470,0,0
-750,-570,0,2
-250,-390,0,0
510,250,0,0
110,90,0,2
-250,130,0,0
-850,570,0,2
-750,470,0,2
-490,10,0,0
-710,190,0,2
-970,-350,0,0
-330,50,0,2
770,710,0,0
-170,-550,0,2
-990,310,0,1
870,250,0,1
990,-510,0,2
-150,-170,0,0
970,150,0,2
110,610,0,0
90,430,0,0
-890,370,0,0
870,-110,0,2
-990,750,0,0
1010,-570,0,2
350,530,0,0
-730,-390,0,2
-390,510,0,0
-190,-50,0,0
1090,230,0,0
-910,-10,0,0
830,170,0,2
970,-570,0,2
150,-310,0,2
-210,-310,0,0
170,70,0,1
1010,70,0,2
-1050,690,0,1
-210,90,0,0
830,-310,0,2
-510,630,0,2
-30,-210,0,0
1130,470,0,0
790,730,0,0
670,290,0,1
410,110,0,1
-550,510,0,2
-230,-370,0,0
-890,-230,0,0
750,-510,0,2
30,-550,0,0
-310,630,0,2
-630,590,0,2
-530,-190,0,1
-550,430,0,2
310,10,0,2
-490,570,0,2
810,510,0,1
-330,-590,0,2
-350,430,0,0
-850,210,0,0
-350,-90,0,2
830,610,0,1
430,-350,0,2
30,-630,0,0
-270,-650,0,2
530,670,0,0
-610,-150,0,2
470,-190,0,1
-550,190,0,2
-810,210,0,2
530,710,0,0
970,670,0,0
830,-30,0,2
-250,730,0,2
-1070,270,0,0
-490,-510,0,2
1050,230,0,0
190,250,0,0
770,-170,0,1
550,90,0,0
970,510,0,0
-430,510,0,0
830,-470,0,2
1110,530,0,0
990,690,0,0
930,-370,0,2
-350,-570,0,2
-470,550,0,2
-10,290,0,2
90,550,0,1
370,-50,0,0
-550,230,0,0
790,130,0,2
10,30,0,2
390,10,0,0
-750,510,0,0
-130,330,0,0
170,-170,0,0
-170,210,0,2
-710,30,0,1
770,230,0,0
-330,530,0,0
-490,530,0,2
350,90,0,0
-950,270,0,1
-170,610,0,2
70,-510,0,0
-490,490,0,2
-650,-270,0,1
130,-250,0,1
-270,630,0,1
110,-30,0,1
330,710,0,2
-530,-550,0,2
510,130,0,0
310,410,0,0
350,-230,0,1
270,-510,0,2
990,-630,0,2
-490,-550,0,2
-810,-710,0,2
-1030,470,0,2
-110,350,0,0
570,670,0,0
-870,630,0,1
670,-350,0,0
170,-690,0,2
-590,350,0,1
570,-530,0,2
-970,650,0,0
-830,-410,0,0
-70,750,0,2
-890,-670,0,2
-190,750,0,2
50,-170,0,0
-830,-290,0,0
-690,610,0,2
570,-10,0,0
-750,350,0,1
910,610,0,0
-510,-210,0,1
-850,610,0,1
-910,-370,0,2
-690,490,0,0
790,-550,0,2
270,-30,0,2
1130,310,0,1
-370,650,0,0
-50,570,0,0
670,690,0,0
-650,290,0,0
-630,150,0,1
150,570,0,0
-1010,170,0,1
-1030,510,0,2
-50,170,0,2
690,-530,0,2
-30,230,0,2
70,10,0,2
-930,130,0,1
-210,-550,0,2
1090,-530,0,2
-390,-650,0,0
850,-90,0,0
190,90,0,0
370,-410,0,0
490,-330,0,2
-230,190,0,2
150,-630,0,0
550,-310,0,2
370,550,0,1
810,590,0,1
-930,-630,0,2
-410,-390,0,0
230,-30,0,0
1030,490,0,0
-550,110,0,2
270,410,0,0
30,-430,0,0
1050,-690,0,2
-30,-170,0,0
-1090,10,0,0
630,370,0,0
-370,530,0,0
930,190,0,0
250,-170,0,0
-1010,10,0,0
570,-570,0,2
-430,-50,0,0
830,-550,0,2
530,-250,0,2
50,-450,0,0
930,-690,0,2
-50,-670,0,2
-1010,-430,0,2
950,250,0,1
330,350,0,0
170,750,0,2
470,-710,0,2
-390,-170,0,0
-490,-710,0,2
290,510,0,0
1050,-10,0,1
970,-130,0,1
490,270,0,0
-530,530,0,2
810,150,0,2
790,330,0,0
870,330,0,1
-1130,-230,0,1
210,-530,0,2
550,-30,0,0
1010,110,0,2
230,-550,0,2
-270,-170,0,1
-450,-630,0,2
-770,90,0,2
270,-70,0,0
470,490,0,1
990,-670,0,2
-1050,250,0,0
-150,-290,0,0
-730,-550,0,2
670,-190,0,1
-130,-150,0,2
410,-490,0,0
650,510,0,0
-30,470,0,1
-190,-570,0,2
150,410,0,0
-590,-90,0,2
430,-30,0,0
-390,-130,0,2
-1050,490,0,0
590,530,0,0
510,-630,0,0
-410,-150,0,2
730,30,0,2
-610,650,0,2
-350,750,0,0
-470,630,0,2
-150,350,0,0
390,-70,0,0
-230,70,0,0
-1130,10,0,0
1050,-170,0,1
350,450,0,0
-690,-150,0,1
10,-370,0,0
-490,410,0,2
-950,-410,0,0
-870,-250,0,0
-1070,-610,0,2
110,730,0,2
-870,-50,0,1
750,730,0,0
570,-650,0,2
-330,-670,0,2
-970,-150,0,1
-490,170,0,0
-910,710,0,0
-450,-390,0,0
570,590,0,1
310,-150,0,1
830,130,0,2
-630,-90,0,2
290,230,0,0
250,-410,0,2
-450,650,0,2
-430,-610,0,2
690,670,0,0
250,-330,0,0
1070,570,0,0
390,90,0,0
-610,730,0,0
390,-230,0,0
190,-350,0,0
950,-110,0,1
150,-470,0,0
1050,30,0,0
-610,10,0,2
1130,-650,0,2
70,-190,0,0
-610,690,0,1
-490,690,0,2
-250,-110,0,2
230,610,0,1
230,-590,0,2
930,150,0,2
-990,-330,0,2
870,-310,0,2
1030,290,0,0
790,-670,0,2
-110,630,0,0
430,690,0,0
-910,310,0,1
410,670,0,0
-590,110,0,2
-70,-650,0,2
830,90,0,0
-750,670,0,2
-210,410,0,0
-430,-650,0,2
-730,-630,0,2
-210,10,0,0
910,-310,0,0
1010,-530,0,2
930,-130,0,1
890,110,0,2
510,-270,0,2
1110,330,0,0
-550,750,0,1
-250,450,0,1
-470,-90,0,2
290,-290,0,0
-310,270,0,2
1050,350,0,0
650,430,0,1
490,110,0,0
-270,30,0,2
-10,-350,0,0
-10,-670,0,2
-330,450,0,0
1090,510,0,0
10,-210,0,0
910,-470,0,2
-730,-30,0,2
-290,250,0,2
590,-630,0,2
170,-50,0,0
-110,150,0,2
-430,750,0,1
330,-90,0,0
-630,510,0,2
1050,670,0,0
30,-270,0,0
550,-510,0,2
-90,-310,0,0
-510,-570,0,2
-350,550,0,0
-290,-510,0,2
490,190,0,0
210,750,0,2
-270,-690,0,2
1130,270,0,1
-690,290,0,1
790,530,0,1
-490,-670,0,2
-570,330,0,0
-950,190,0,1
-530,-510,0,2
130,-10,0,1
-770,-350,0,2
-290,570,0,0
-970,730,0,0
750,90,0,2
850,-450,0,2
-690,210,0,2
-590,270,0,1
870,170,0,2
-290,-110,0,2
-730,370,0,2
-1130,-670,0,2
-890,-510,0,0
-550,670,0,2
-890,50,0,0
1010,470,0,0
-770,-550,0,2
-470,430,0,2
150,250,0,2
-290,-390,0,0
130,-490,0,0
670,-150,0,1
630,-390,0,2
-910,70,0,0
670,650,0,0
-470,-170,0,1
-630,-330,0,2
-790,-690,0,2
630,-310,0,2
550,410,0,0
10,350,0,0
270,-630,0,2
-850,-470,0,2
390,210,0,0
-330,410,0,0
890,750,0,0
590,250,0,0
-930,250,0,1
770,-490,0,2
-630,550,0,2
890,-90,0,2
830,410,0,0
350,730,0,2
-290,-70,0,2
-210,730,0,2
610,-610,0,2
-730,130,0,2
-370,730,0,2
210,-690,0,2
1070,250,0,0
550,-670,0,0
430,-430,0,0
-70,-50,0,2
-990,-130,0,1
-170,-30,0,1
-50,-430,0,0
390,-350,0,2
30,530,0,1
-550,-610,0,2
590,-590,0,2
670,90,0,2
30,-190,0,0
-590,-130,0,2
-130,-430,0,0
110,-270,0,0
-30,-410,0,0
-150,430,0,0
-270,-450,0,2
-690,-550,0,2
-830,190,0,0
-210,130,0,2
-190,-170,0,0
50,-130,0,0
-490,50,0,0
910,690,0,0
-570,50,0,2
-250,-70,0,2
-110,-50,0,2
-590,-370,0,2
-90,-350,0,0
810,70,0,0
-330,-710,0,0
990,-470,0,0
-790,-610,0,2
190,-630,0,2
1030,-510,0,2
390,330,0,0
490,-690,0,2
790,-510,0,2
-430,-490,0,2
-610,330,0,1
350,-630,0,2
-630,-50,0,0
430,-670,0,2
-330,-390,0,0
-550,-530,0,2
-950,30,0,0
450,-690,0,2
350,330,0,0
950,-430,0,0
-350,-410,0,0
-390,-370,0,1
770,310,0,0
-770,50,0,0
890,-570,0,2
470,10,0,0
650,150,0,0
-890,-190,0,1
310,650,0,0
350,130,0,0
-1070,30,0,0
730,-490,0,2
250,550,0,0
190,-510,0,2
530,110,0,0
810,-10,0,2
-990,-650,0,2
-750,-130,0,0
-210,490,0,2
650,-330,0,2
-170,170,0,0
170,550,0,0
670,-430,0,2
-490,-630,0,2
-870,110,0,2
-750,310,0,1
590,-710,0,2
1130,670,0,0
690,-570,0,2
-1090,610,0,1
510,-110,0,0
430,90,0,0
910,-150,0,0
270,-310,0,0
90,-10,0,0
-130,170,0,0
-310,-450,0,0
1050,590,0,0
-110,-250,0,0
-1070,-90,0,1
470,650,0,1
1030,-710,0,2
430,290,0,0
930,-570,0,2
-1050,-350,0,2
-1010,-550,0,2
710,-550,0,2
650,30,0,2
-190,310,0,0
-810,170,0,2
730,110,0,2
310,-470,0,0
-610,170,0,1
450,-50,0,2
-70,-450,0,0
70,50,0,1
-30,-690,0,2
-1010,-510,0,2
-850,330,0,1
-410,-470,0,2
-310,-570,0,2
-210,-30,0,0
-1010,450,0,0
-770,-630,0,2
650,-210,0,2
-590,-50,0,0
-550,-690,0,2
790,290,0,0
1050,-250,0,1
-450,690,0,2
-230,110,0,0
390,690,0,0
-890,330,0,1
370,510,0,0
-130,490,0,0
-390,350,0,0
-490,330,0,2
-70,-250,0,0
-550,390,0,1
90,-450,0,0
-910,350,0,1
-350,-530,0,0
770,-50,0,2
-1130,-190,0,1
-870,30,0,0
-1030,-690,0,2
-610,-510,0,2
-710,-450,0,2
-530,-670,0,2
690,30,0,2
870,410,0,0
-30,590,0,1
10,670,0,0
630,570,0,0
730,270,0,1
710,410,0,0
-1110,-330,0,1
310,-350,0,1
-230,390,0,0
-930,-470,0,0
-210,-430,0,0
-90,-630,0,2
-190,470,0,0
490,310,0,0
-290,290,0,2
-790,150,0,2
-70,-90,0,0
-1030,70,0,1
-1110,-530,0,0
-950,-370,0,2
710,-590,0,2
-850,170,0,0
370,630,0,0
970,230,0,1
530,-410,0,2
-570,650,0,2
-50,250,0,0
-630,630,0,2
-190,230,0,2
-850,730,0,2
-670,150,0,2
-150,30,0,2
-110,110,0,0
-110,30,0,2
830,-70,0,0
-390,-570,0,2
570,350,0,0
370,150,0,0
-1070,-330,0,1
-370,-390,0,2
650,-10,0,2
-930,-390,0,2
210,70,0,0
450,-330,0,2
-130,650,0,0
-630,-210,0,1
10,70,0,2
1070,50,0,0
990,-590,0,2
-110,390,0,0
290,430,0,0
1090,-330,0,0
-350,270,0,2
-70,270,0,2
1050,710,0,0
30,130,0,2
-790,-650,0,2
290,-610,0,2
130,-450,0,0
-690,-310,0,2
-570,530,0,2
-390,-410,0,0
-950,-130,0,1
-250,250,0,2
-150,-90,0,2
-650,-230,0,1
-810,-30,0,2
-890,130,0,0
890,-370,0,2
890,70,0,2
1010,-410,0,0
790,-190,0,1
-50,-510,0,0
1090,-650,0,2
630,-470,0,2
-970,530,0,2
310,-190,0,1
-310,110,0,0
-870,190,0,1
-90,-150,0,0
570,150,0,0
-710,-290,0,2
-290,90,0,2
-910,-610,0,2
-370,290,0,2
-30,-10,0,0
630,490,0,0
810,-690,0,2
-590,670,0,2
-390,750,0,1
590,450,0,1
850,150,0,2
310,-710,0,2
170,-210,0,1
190,130,0,2
-450,-470,0,2
830,-510,0,2
-950,310,0,1
510,610,0,1
170,190,0,0
-430,150,0,1
-590,230,0,2
-310,-170,0,0
-550,-410,0,2
230,690,0,2
-790,310,0,1
-30,-530,0,0
-690,410,0,1
130,510,0,0
530,-610,0,2
410,-650,0,2
-690,-390,0,2
410,390,0,0
930,630,0,0
710,50,0,2
550,-590,0,2
-470,-50,0,0
310,-590,0,2
-210,-510,0,0
-550,150,0,2
70,-630,0,1
890,-690,0,2
-210,-470,0,0
310,130,0,0
130,-50,0,0
1010,270,0,1
-150,-690,0,2
-130,130,0,2
-10,-470,0,0
-990,-530,0,0
-750,630,0,2
250,590,0,0
930,310,0,1
-70,230,0,2
1070,-30,0,1
230,730,0,2
870,130,0,2
-150,70,0,0
-310,150,0,0
110,210,0,0
-590,70,0,2
-550,590,0,2
230,290,0,0
1030,170,0,2
330,-130,0,0
1010,190,0,0
-750,710,0,0
1030,-550,0,2
-910,-410,0,2
-730,90,0,2
450,390,0,1
1030,-590,0,2
-890,90,0,2
930,470,0,0
990,130,0,2
-550,-650,0,2
-430,630,0,2
10,390,0,1
250,310,0,0
-210,250,0,2
-630,110,0,2
210,-370,0,0
410,70,0,0
710,-310,0,0
350,-190,0,1
10,-250,0,0
890,470,0,1
690,190,0,0
370,710,0,0
650,-570,0,2
-950,350,0,1
730,-290,0,0
510,170,0,0
410,-610,0,0
130,-370,0,2
-350,-490,0,2
410,-170,0,1
-450,-70,0,2
-850,-190,0,1
-630,230,0,0
-870,150,0,0
490,550,0,1
530,510,0,0
-670,-10,0,2
850,510,0,1
630,-230,0,0
110,450,0,0
110,-630,0,0
570,-370,0,0
-30,150,0,2
-370,170,0,2
710,-150,0,1
-630,-410,0,2
-970,-390,0,2
-170,10,0,2
-530,-390,0,2
-310,590,0,0
230,-190,0,0
330,-250,0,1
950,-510,0,2
-650,450,0,1
-530,570,0,2
910,570,0,0
-530,-150,0,0
450,-570,0,2
-50,370,0,0
-1050,650,0,1
710,-390,0,0
-690,130,0,0
510,370,0,0
190,-550,0,2
-10,170,0,2
890,270,0,1
330,-610,0,2
210,190,0,0
-450,410,0,0
470,250,0,0
250,630,0,1
-710,150,0,2
310,90,0,1
-810,-150,0,0
210,110,0,1
830,-230,0,1
-1010,-230,0,1
270,690,0,2
650,-410,0,2
910,130,0,2
150,-430,0,2
-970,-30,0,0
-350,710,0,2
490,-50,0,2
-150,550,0,0
-810,-390,0,2
530,550,0,0
910,450,0,0
630,650,0,1
1110,-590,0,2
270,210,0,0
850,430,0,0
-150,-610,0,2
-150,510,0,0
930,750,0,0
-770,10,0,2
350,650,0,0
-510,-370,0,0
-890,210,0,1
-470,310,0,0
390,-310,0,0
270,-190,0,0
1070,-310,0,0
-810,-110,0,0
830,-390,0,0
-190,-290,0,0
-30,550,0,0
-650,570,0,2
610,-650,0,0
-1070,-290,0,1
-770,-390,0,2
590,650,0,1
850,-370,0,0
70,210,0,2
-670,-170,0,0
-410,290,0,2
50,-210,0,0
710,170,0,0
690,-130,0,1
-190,70,0,2
910,-550,0,2
-470,390,0,2
430,-710,0,0
10,310,0,0
610,-530,0,2
-590,470,0,2
-970,-70,0,0
510,-670,0,2
1090,-690,0,2
470,-230,0,1
290,350,0,0
590,-470,0,2
330,-330,0,0
610,510,0,0
990,-150,0,1
970,-290,0,1
-810,490,0,0
-230,350,0,0
1030,-350,0,2
-410,-550,0,2
-530,330,0,2
410,-370,0,2
610,70,0,2
1130,190,0,0
1090,70,0,2
390,-270,0,2
710,-470,0,2
310,-70,0,0
-810,450,0,2
690,-50,0,2
-550,-50,0,0
-390,550,0,2
-810,690,0,2
1010,630,0,0
330,110,0,0
-330,690,0,0
-370,450,0,2
550,330,0,0
-690,250,0,0
590,-150,0,1
890,-50,0,2
710,-110,0,0
-230,750,0,2
650,110,0,2
150,-30,0,0
50,110,0,2
1050,-450,0,2
870,-150,0,2
90,110,0,2
70,-550,0,2
30,330,0,2
690,70,0,2
1010,-250,0,1
1050,70,0,2
310,610,0,0
-710,750,0,0
190,530,0,0
390,50,0,0
-550,-570,0,2
-950,710,0,0
370,-570,0,2
1010,430,0,0
-270,-570,0,2
910,-190,0,1
770,430,0,0
-1090,-350,0,1
750,50,0,2
-10,-630,0,0
-30,-570,0,0
670,610,0,1
-670,750,0,1
-330,90,0,2
830,690,0,0
-830,-130,0,0
630,10,0,2
90,-170,0,0
-950,-490,0,2
-190,390,0,2
550,-70,0,0
-10,610,0,0
610,430,0,1
-490,650,0,2
-510,-90,0,2
30,-350,0,0
430,370,0,0
-110,-410,0,0
-1110,-370,0,1
-230,-650,0,2
-530,730,0,0
-450,-150,0,2
410,150,0,0
830,-710,0,2
970,-210,0,1
-1030,190,0,1
-250,-630,0,2
-790,-90,0,0
870,210,0,2
-190,190,0,2
730,430,0,1
570,-690,0,0
-270,190,0,0
1010,150,0,2
-1090,650,0,1
790,-430,0,2
950,490,0,0
-1110,-210,0,0
-270,-530,0,2
-450,130,0,1
-590,-10,0,2
-590,430,0,2
-790,750,0,0
-90,-670,0,2
530,-450,0,2
550,-630,0,2
-70,150,0,2
530,-490,0,2
810,470,0,0
730,510,0,1
50,630,0,0
-1010,410,0,0
-830,-90,0,0
-350,-10,0,0
-910,-90,0,0
-950,-90,0,0
210,270,0,0
-870,-610,0,2
530,-50,0,0
430,50,0,0
1090,670,0,0
-1030,710,0,0
70,370,0,1
830,730,0,0
-510,-610,0,2
350,170,0,0
-890,-110,0,1
-230,-330,0,1
250,350,0,0
150,-270,0,0
650,670,0,0
470,330,0,1
290,-690,0,0
230,-150,0,0
1110,90,0,2
-990,710,0,2
-590,-490,0,2
-10,-390,0,0
70,-670,0,0
830,-350,0,2
-870,430,0,2
130,350,0,0
370,-290,0,0
-1010,-150,0,1
-350,-170,0,0
-630,-450,0,0
-1070,670,0,1
1030,530,0,0
770,510,0,1
-1050,330,0,1
70,130,0,2
-450,210,0,2
250,-610,0,2
130,310,0,2
-190,510,0,0
150,730,0,2
610,750,0,0
50,510,0,0
-410,-110,0,2
750,-590,0,2
-850,-310,0,0
-930,530,0,0
250,-90,0,0
530,-290,0,2
-170,650,0,2
-750,-650,0,2
890,710,0,0
630,-150,0,0
-50,-390,0,0
170,-570,0,2
130,-530,0,2
-450,330,0,0
-750,-490,0,2
50,-490,0,0
-930,570,0,0
-950,630,0,2
770,270,0,0
-570,-30,0,2
-350,470,0,2
90,350,0,0
870,290,0,0
-910,230,0,1
330,-490,0,0
-890,610,0,1
-870,-410,0,0
-390,-690,0,2
90,630,0,0
-450,170,0,1
-990,550,0,2
290,-250,0,0
450,310,0,0
-150,-570,0,2
850,-330,0,2
710,650,0,1
-110,-130,0,0
-50,-30,0,0
-1030,-370,0,0
250,190,0,0
-1050,-230,0,1
-510,230,0,0
-410,610,0,2
730,-530,0,2
370,-450,0,0
-1030,-90,0,1
1050,430,0,0
-250,370,0,2
-730,290,0,1
690,510,0,1
890,-170,0,1
-350,590,0,2
190,450,0,0
1050,-330,0,2
170,390,0,0
-1070,590,0,0
-30,-610,0,2
310,490,0,0
430,-630,0,0
970,550,0,0
770,-610,0,2
90,-690,0,2
-770,-670,0,2
-1050,-70,0,0
730,-210,0,1
90,590,0,0
-90,610,0,1
210,-290,0,0
-1130,-70,0,0
850,710,0,0
-690,10,0,2
-950,230,0,1
-1110,-450,0,0
1010,230,0,0
210,-250,0,1
-170,290,0,2
550,530,0,0
970,270,0,0
-650,690,0,1
-990,30,0,1
870,690,0,0
550,-430,0,2
-110,-10,0,0
410,750,0,0
1130,350,0,0
-410,650,0,2
1010,-650,0,2
350,-670,0,2
970,-490,0,0
450,70,0,0
-610,50,0,2
310,170,0,0
930,550,0,1
-270,550,0,0
590,-110,0,0
910,330,0,0
750,-550,0,2
-130,530,0,0
-250,-710,0,0
-910,150,0,0
-670,70,0,2
-810,570,0,0
-970,-470,0,2
-210,530,0,0
190,330,0,0
930,-610,0,2
-10,-430,0,0
450,750,0,0
670,-310,0,2
-910,30,0,1
-150,710,0,2
470,170,0,0
-90,-550,0,0
-290,-550,0,2
1050,-410,0,0
-550,270,0,0
-850,130,0,2
-390,30,0,2
50,-650,0,2
-50,-230,0,0
-410,90,0,0
1130,710,0,1
370,270,0,0
270,570,0,0
-150,390,0,0
1030,-230,0,1
-730,570,0,2
-230,590,0,0
-1030,230,0,1
630,130,0,2
-290,-710,0,2
830,-630,0,2
-830,270,0,1
-170,370,0,0
1010,310,0,0
-190,550,0,0
-990,270,0,0
-750,-170,0,0
750,-110,0,0
270,490,0,1
-390,150,0,2
-490,610,0,2
-770,-430,0,0
530,-530,0,2
250,390,0,0
130,670,0,2
90,150,0,2
250,-490,0,2
110,410,0,1
-230,270,0,2
930,-490,0,2
650,230,0,0
-550,350,0,0
790,-70,0,2
-710,70,0,2
430,410,0,0
-790,270,0,1
-110,-450,0,0
-850,530,0,0
590,90,0,2
-530,650,0,2
730,710,0,1
1050,-530,0,2
-950,70,0,1
290,70,0,1
-650,-110,0,0
-190,-130,0,2
1030,370,0,0
90,710,0,0
10,-290,0,0
-370,-470,0,2
450,430,0,0
330,-210,0,1
450,-170,0,1
-850,490,0,0
-710,350,0,0
690,310,0,1
-970,130,0,1
610,-10,0,2
-510,-410,0,2
-1130,690,0,0
610,-490,0,2
-750,70,0,2
550,-190,0,0
970,310,0,1
-210,650,0,0
190,-470,0,0
870,650,0,1
210,-10,0,0
10,230,0,0
-790,710,0,2
-610,490,0,2
470,-270,0,2
-910,-290,0,1
-930,210,0,1
-1110,-170,0,1
-70,310,0,2
-10,-70,0,0
-570,210,0,1
370,-10,0,0
-370,610,0,0
-870,230,0,1
130,-170,0,0
-90,450,0,2
-890,730,0,1
230,50,0,1
-310,350,0,0
230,490,0,0
450,-10,0,0
270,610,0,1
-190,-10,0,2
110,-350,0,0
-250,-590,0,0
-830,630,0,0
630,-350,0,2
-950,-50,0,0
-510,-690,0,2
-970,610,0,0
230,370,0,0
630,290,0,0
270,730,0,2
950,-30,0,2
710,490,0,1
870,-470,0,2
510,730,0,0
750,330,0,0
1030,-70,0,1
470,-150,0,1
-290,330,0,0
450,-250,0,0
-970,50,0,1
-770,530,0,2
90,-290,0,0
-390,270,0,2
-370,250,0,2
-90,-470,0,2
-890,530,0,0
-330,-430,0,2
730,350,0,1
710,610,0,2
490,430,0,0
-790,390,0,2
170,30,0,1
-530,-350,0,0
1070,-470,0,0
-10,-590,0,0
450,510,0,0
-690,170,0,2
1010,670,0,0
830,290,0,1
530,70,0,1
-810,-630,0,2
410,630,0,0
-630,310,0,1
-350,-450,0,2
-390,310,0,0
1150,170,0,0
-170,-590,0,2
-990,-690,0,2
-1110,-490,0,0
410,-290,0,2
110,-230,0,1
-930,90,0,1
330,-50,0,1
850,190,0,2
-1030,350,0,0
-590,390,0,1
-50,410,0,0
750,-230,0,1
130,710,0,0
430,730,0,0
-450,-190,0,0
930,-50,0,2
310,330,0,0
-570,290,0,2
810,270,0,0
790,490,0,1
-850,370,0,2
490,-450,0,2
-270,110,0,0
-1030,-490,0,0
250,70,0,1
-1070,-210,0,1
670,-30,0,2
710,-190,0,1
-630,-130,0,1
330,-530,0,2
290,270,0,0
-250,570,0,0
750,-70,0,2
-450,-110,0,2
810,-170,0,1
470,-350,0,2
-510,-130,0,2
1050,-130,0,1
550,610,0,1
1110,690,0,0
1030,210,0,1
-330,170,0,0
-590,-650,0,2
530,270,0,0
-590,-210,0,1
-610,210,0,1
90,-650,0,0
-130,-110,0,2
-90,330,0,0
850,750,0,0
-570,-70,0,0
1010,-130,0,1
-790,-330,0,2
-590,30,0,2
-910,-490,0,0
290,-490,0,0
670,530,0,0
-850,-630,0,2
810,-610,0,2
750,-630,0,2
50,710,0,2
-890,250,0,1
650,470,0,1
390,-630,0,2
-690,690,0,2
870,-590,0,2
170,310,0,0
-130,370,0,0
-130,90,0,1
-870,310,0,1
290,590,0,1
-790,-250,0,1
-690,-70,0,2
830,-270,0,0
450,-370,0,2
-390,590,0,0
-70,550,0,2
-170,410,0,1
450,-730,0,0
-850,410,0,2
370,430,0,0
990,-550,0,2
-530,290,0,2
10,-610,0,0
130,190,0,2
910,-270,0,1
250,150,0,0
1070,90,0,2
-810,-310,0,2
930,710,0,0
-630,-170,0,0
350,210,0,0
-170,50,0,2
210,510,0,0
-110,310,0,2
530,-370,0,2
-1010,-110,0,1
950,-630,0,2
210,-450,0,0
-70,390,0,1
-710,-250,0,0
630,-510,0,0
-70,-370,0,0
-90,-270,0,0
-430,310,0,2
10,270,0,2
270,130,0,1
-430,-410,0,2
-670,-450,0,2
-730,-150,0,1
-450,-710,0,2
-250,610,0,0